"PWY"	"Class"	"Class_2"	"PWY_ID"	"PWY_desc"
"1CMET2-PWY"	"Biosynthesis"	"Cofactor, Prosthetic Group, Electron Carrier, and Vitamin Biosynthesis"	"1CMET2-PWY"	"N10-formyl-tetrahydrofolate biosynthesis"
"ANAEROFRUCAT-PWY"	"Generation of Precursor Metabolite and Energy"	"Fermentation"	"ANAEROFRUCAT-PWY"	"homolactic fermentation"
"ANAGLYCOLYSIS-PWY"	"Generation of Precursor Metabolite and Energy"	"Glycolysis"	"ANAGLYCOLYSIS-PWY"	"glycolysis III (from glucose)"
"ARG+POLYAMINE-SYN"	"Biosynthesis"	"Amine and Polyamine Biosynthesis"	"ARG+POLYAMINE-SYN"	"superpathway of arginine and polyamine biosynthesis"
"ARGDEG-PWY"	"Degradation/Utilization/Assimilation"	"Amino Acid Degradation"	"ARGDEG-PWY"	"superpathway of L-arginine, putrescine, and 4-aminobutanoate degradation"
"ARGININE-SYN4-PWY"	NA	NA	NA	NA
"ARGSYN-PWY"	"Biosynthesis"	"Amino Acid Biosynthesis"	"ARGSYN-PWY"	"L-arginine biosynthesis I (via L-ornithine)"
"ARGSYNBSUB-PWY"	"Biosynthesis"	"Amino Acid Biosynthesis"	"ARGSYNBSUB-PWY"	"L-arginine biosynthesis II (acetyl cycle)"
"ARO-PWY"	"Biosynthesis"	"Aromatic Compound Biosynthesis"	"ARO-PWY"	"chorismate biosynthesis I"
"ASPASN-PWY"	"Biosynthesis"	"Amino Acid Biosynthesis"	"ASPASN-PWY"	"superpathway of L-aspartate and L-asparagine biosynthesis"
"AST-PWY"	"Degradation/Utilization/Assimilation"	"Amino Acid Degradation"	"AST-PWY"	"L-arginine degradation II (AST pathway)"
"BIOTIN-BIOSYNTHESIS-PWY"	"Biosynthesis"	"Cofactor, Prosthetic Group, Electron Carrier, and Vitamin Biosynthesis"	"BIOTIN-BIOSYNTHESIS-PWY"	"biotin biosynthesis I"
"BRANCHED-CHAIN-AA-SYN-PWY"	"Biosynthesis"	"Amino Acid Biosynthesis"	"BRANCHED-CHAIN-AA-SYN-PWY"	"superpathway of branched chain amino acid biosynthesis"
"CALVIN-PWY"	"Degradation/Utilization/Assimilation"	"C1 Compound Utilization and Assimilation"	"CALVIN-PWY"	"Calvin-Benson-Bassham cycle"
"CENTFERM-PWY"	"Generation of Precursor Metabolite and Energy"	"Fermentation"	"CENTFERM-PWY"	"pyruvate fermentation to butanoate"
"CITRULBIO-PWY"	"Biosynthesis "	"Amino Acid Biosynthesis"	"CITRULBIO-PWY"	" L-citrulline Biosynthesis "
"COA-PWY-1"	"Biosynthesis"	"Cofactor, Carrier, and Vitamin Biosynthesis"	"COA-PWY-1"	"Coenzyme A Biosynthesis (mammalian)"
"COA-PWY"	"Biosynthesis"	"Cofactor, Prosthetic Group, Electron Carrier, and Vitamin Biosynthesis"	"COA-PWY"	"coenzyme A biosynthesis I (prokaryotic)"
"COBALSYN-PWY"	"Biosynthesis"	"Cofactor, Prosthetic Group, Electron Carrier, and Vitamin Biosynthesis"	"COBALSYN-PWY"	"superpathway of adenosylcobalamin salvage from cobinamide I"
"COLANSYN-PWY"	"Biosynthesis"	"Carbohydrate Biosynthesis"	"COLANSYN-PWY"	"colanic acid building blocks biosynthesis"
"COMPLETE-ARO-PWY"	"Biosynthesis"	"Amino Acid Biosynthesis"	"COMPLETE-ARO-PWY"	"superpathway of aromatic amino acid biosynthesis"
"CRNFORCAT-PWY"	"Degradation/Utilization/Assimilation"	"Amine and Polyamine Degradation"	"CRNFORCAT-PWY"	"creatinine degradation I"
"DAPLYSINESYN-PWY"	"Biosynthesis"	"Amino Acid Biosynthesis"	"DAPLYSINESYN-PWY"	"L-lysine biosynthesis I"
"DENOVOPURINE2-PWY"	"Biosynthesis"	"Nucleoside and Nucleotide Biosynthesis"	"DENOVOPURINE2-PWY"	"superpathway of purine nucleotides de novo biosynthesis II"
"DTDPRHAMSYN-PWY"	"Biosynthesis"	"Carbohydrate Biosynthesis"	"DTDPRHAMSYN-PWY"	"dTDP-L-rhamnose biosynthesis"
"ECASYN-PWY"	"Biosynthesis"	"Cell Structure Biosynthesis"	"ECASYN-PWY"	"enterobacterial common antigen biosynthesis"
"ENTBACSYN-PWY"	"Biosynthesis"	"Secondary Metabolite Biosynthesis"	"ENTBACSYN-PWY"	"enterobactin biosynthesis"
"FAO-PWY"	"Degradation/Utilization/Assimilation"	"Fatty Acid and Lipid Degradation"	"FAO-PWY"	"fatty acid beta-oxidation I"
"FASYN-ELONG-PWY"	"Biosynthesis"	"Fatty Acid and Lipid Biosynthesis"	"FASYN-ELONG-PWY"	"fatty acid elongation -- saturated"
"FASYN-INITIAL-PWY"	"Biosynthesis"	"Fatty Acid and Lipid Biosynthesis"	"FASYN-INITIAL-PWY"	"superpathway of fatty acid biosynthesis initiation (E. coli)"
"FERMENTATION-PWY"	"Generation of Precursor Metabolite and Energy"	"Fermentation"	"FERMENTATION-PWY"	"mixed acid fermentation"
"FOLSYN-PWY"	"Biosynthesis"	"Cofactor, Prosthetic Group, Electron Carrier, and Vitamin Biosynthesis"	"FOLSYN-PWY"	"superpathway of tetrahydrofolate biosynthesis and salvage"
"FUC-RHAMCAT-PWY"	"Superpathways"	"superpathway of fucose and rhamnose degradation"	"FUC-RHAMCAT-PWY"	"superpathway of fucose and rhamnose degradation"
"FUCCAT-PWY"	"Degradation/Utilization/Assimilation"	"Carbohydrate Degradation"	"FUCCAT-PWY"	"fucose degradation"
"GALACT-GLUCUROCAT-PWY"	"Superpathways"	"superpathway of hexuronide and hexuronate degradation"	"GALACT-GLUCUROCAT-PWY"	"superpathway of hexuronide and hexuronate degradation"
"GALACTARDEG-PWY"	"Degradation/Utilization/Assimilation"	"Secondary Metabolite Degradation"	"GALACTARDEG-PWY"	"D-galactarate degradation I"
"GALACTUROCAT-PWY"	"Degradation/Utilization/Assimilation"	"Secondary Metabolite Degradation"	"GALACTUROCAT-PWY"	"D-galacturonate degradation I"
"GLCMANNANAUT-PWY"	"Degradation/Utilization/Assimilation"	"Amine and Polyamine Degradation"	"GLCMANNANAUT-PWY"	"superpathway of N-acetylglucosamine, N-acetylmannosamine and N-acetylneuraminate degradation"
"GLUCARDEG-PWY"	"Degradation/Utilization/Assimilation"	"Secondary Metabolite Degradation"	"GLUCARDEG-PWY"	"D-glucarate degradation I"
"GLUCARGALACTSUPER-PWY"	"Superpathways"	"superpathway of D-glucarate and D-galactarate degradation"	"GLUCARGALACTSUPER-PWY"	"superpathway of D-glucarate and D-galactarate degradation"
"GLUCONEO-PWY"	"Biosynthesis"	"Carbohydrate Biosynthesis"	"GLUCONEO-PWY"	"gluconeogenesis I"
"GLUCOSE1PMETAB-PWY"	"Degradation/Utilization/Assimilation"	"Carbohydrate Degradation"	"GLUCOSE1PMETAB-PWY"	"glucose and glucose-1-phosphate degradation"
"GLUCUROCAT-PWY"	"Degradation/Utilization/Assimilation"	"Secondary Metabolite Degradation"	"GLUCUROCAT-PWY"	"superpathway of beta-D-glucuronosides degradation"
"GLUDEG-I-PWY"	"Degradation/Utilization/Assimilation"	"Amine and Polyamine Degradation"	"GLUDEG-I-PWY"	"GABA shunt"
"GLUTORN-PWY"	"Biosynthesis"	"Amino Acid Biosynthesis"	"GLUTORN-PWY"	"L-ornithine biosynthesis I"
"GLYCOCAT-PWY"	"Degradation/Utilization/Assimilation"	"Polymeric Compound Degradation"	"GLYCOCAT-PWY"	"glycogen degradation I"
"GLYCOGENSYNTH-PWY"	"Glycan Pathways"	"Glycan Biosynthesis"	"GLYCOGENSYNTH-PWY"	"glycogen biosynthesis I (from ADP-D-Glucose)"
"GLYCOL-GLYOXDEG-PWY"	"Degradation/Utilization/Assimilation"	"Alcohol Degradation"	"GLYCOL-GLYOXDEG-PWY"	"superpathway of glycol metabolism and degradation"
"GLYCOLYSIS-E-D"	"Superpathways"	"superpathway of glycolysis and the Entner-Doudoroff pathway"	"GLYCOLYSIS-E-D"	"superpathway of glycolysis and the Entner-Doudoroff pathway"
"GLYCOLYSIS-TCA-GLYOX-BYPASS"	"Superpathways"	"superpathway of glycolysis, pyruvate dehydrogenase, TCA, and glyoxylate bypass"	"GLYCOLYSIS-TCA-GLYOX-BYPASS"	"superpathway of glycolysis, pyruvate dehydrogenase, TCA, and glyoxylate bypass"
"GLYCOLYSIS"	"Generation of Precursor Metabolite and Energy"	"Glycolysis"	"GLYCOLYSIS"	"glycolysis I (from glucose 6-phosphate)"
"GLYOXYLATE-BYPASS"	"Generation of Precursor Metabolite and Energy"	"glyoxylate cycle"	"GLYOXYLATE-BYPASS"	"glyoxylate cycle"
"GOLPDLCAT-PWY"	"Degradation/Utilization/Assimilation"	"Alcohol Degradation"	"GOLPDLCAT-PWY"	"superpathway of glycerol degradation to 1,3-propanediol"
"HCAMHPDEG-PWY"	"Degradation/Utilization/Assimilation"	"Aromatic Compound Degradation"	"HCAMHPDEG-PWY"	"3-phenylpropanoate and 3-(3-hydroxyphenyl)propanoate degradation to 2-hydroxypentadienoate"
"HEME-BIOSYNTHESIS-II"	"Biosynthesis"	"Cofactor, Prosthetic Group, Electron Carrier, and Vitamin Biosynthesis"	"HEME-BIOSYNTHESIS-II"	"heme b biosynthesis I (aerobic)"
"HEMESYN2-PWY"	"Biosynthesis"	"Cofactor, Prosthetic Group, Electron Carrier, and Vitamin Biosynthesis"	"HEMESYN2-PWY"	"heme b biosynthesis II (anaerobic)"
"HEXITOLDEGSUPER-PWY"	"Degradation/Utilization/Assimilation"	"Secondary Metabolite Degradation"	"HEXITOLDEGSUPER-PWY"	"superpathway of hexitol degradation (bacteria)"
"HISDEG-PWY"	"Degradation/Utilization/Assimilation"	"Amino Acid Degradation"	"HISDEG-PWY"	"L-histidine degradation I"
"HISTSYN-PWY"	"Biosynthesis"	"Amino Acid Biosynthesis"	"HISTSYN-PWY"	"L-histidine biosynthesis"
"HOMOSER-METSYN-PWY"	"Biosynthesis"	"Amino Acid Biosynthesis"	"HOMOSER-METSYN-PWY"	"L-methionine biosynthesis I"
"HSERMETANA-PWY"	"Biosynthesis"	"Amino Acid Biosynthesis"	"HSERMETANA-PWY"	"L-methionine biosynthesis III"
"ILEUSYN-PWY"	"Biosynthesis"	"Amino Acid Biosynthesis"	"ILEUSYN-PWY"	"L-isoleucine biosynthesis I (from threonine)"
"KDO-NAGLIPASYN-PWY"	"Biosynthesis"	"Cell Structure Biosynthesis"	"KDO-NAGLIPASYN-PWY"	"superpathway of (Kdo)2-lipid A biosynthesis"
"KETOGLUCONMET-PWY"	"Degradation/Utilization/Assimilation"	"Secondary Metabolite Degradation"	"KETOGLUCONMET-PWY"	"ketogluconate metabolism"
"LACTOSECAT-PWY"	"Degradation/Utilization/Assimilation"	"Carbohydrate Degradation"	"LACTOSECAT-PWY"	"lactose and galactose degradation I"
"MET-SAM-PWY"	"Superpathways"	"superpathway of S-adenosyl-L-methionine biosynthesis"	"MET-SAM-PWY"	"superpathway of S-adenosyl-L-methionine biosynthesis"
"METHANOGENESIS-PWY"	"Generation of Precursor Metabolite and Energy"	"Respiration"	"METHANOGENESIS-PWY"	"methanogenesis from H2 and CO2"
"METSYN-PWY"	NA	NA	NA	NA
"NAD-BIOSYNTHESIS-II"	"Biosynthesis"	"Cofactor, Prosthetic Group, Electron Carrier, and Vitamin Biosynthesis"	"NAD-BIOSYNTHESIS-II"	"NAD salvage pathway III (to nicotinamide riboside)"
"NAGLIPASYN-PWY"	"Biosynthesis"	"Cell Structure Biosynthesis"	"NAGLIPASYN-PWY"	"lipid IVA biosynthesis"
"NONMEVIPP-PWY"	"Biosynthesis"	"Secondary Metabolite Biosynthesis"	"NONMEVIPP-PWY"	"methylerythritol phosphate pathway I"
"NONOXIPENT-PWY"	"Generation of Precursor Metabolite and Energy"	"Pentose Phosphate Pathways"	"NONOXIPENT-PWY"	"pentose phosphate pathway (non-oxidative branch)"
"OANTIGEN-PWY"	"Biosynthesis"	"Carbohydrate Biosynthesis"	"OANTIGEN-PWY"	"O-antigen building blocks biosynthesis (E. coli)"
"ORNARGDEG-PWY"	"Degradation/Utilization/Assimilation"	"Amino Acid Degradation"	"ORNARGDEG-PWY"	"superpathway of L-arginine and L-ornithine degradation"
"P105-PWY"	"Generation of Precursor Metabolite and Energy"	"TCA cycle"	"P105-PWY"	"TCA cycle IV (2-oxoglutarate decarboxylase)"
"P108-PWY"	"Generation of Precursor Metabolite and Energy"	"Fermentation"	"P108-PWY"	"pyruvate fermentation to propanoate I"
"P122-PWY"	"Generation of Precursor Metabolite and Energy"	"Fermentation"	"P122-PWY"	"heterolactic fermentation"
"P124-PWY"	"Generation of Precursor Metabolite and Energy"	"Fermentation"	"P124-PWY"	"Bifidobacterium shunt"
"P161-PWY"	"Generation of Precursor Metabolite and Energy"	"Fermentation"	"P161-PWY"	"acetylene degradation"
"P162-PWY"	"Generation of Precursor Metabolite and Energy"	"Fermentation"	"P162-PWY"	"L-glutamate degradation V (via hydroxyglutarate)"
"P164-PWY"	"Degradation/Utilization/Assimilation"	"Nucleoside and Nucleotide Degradation"	"P164-PWY"	"purine nucleobases degradation I (anaerobic)"
"P185-PWY"	"Degradation/Utilization/Assimilation"	"C1 Compound Utilization and Assimilation"	"P185-PWY"	"formaldehyde assimilation III (dihydroxyacetone cycle)"
"P23-PWY"	"Degradation/Utilization/Assimilation"	"C1 Compound Utilization and Assimilation"	"P23-PWY"	"reductive TCA cycle I"
"P4-PWY"	"Biosynthesis"	"Amino Acid Biosynthesis"	"P4-PWY"	"superpathway of L-lysine, L-threonine and L-methionine biosynthesis I"
"P42-PWY"	"Degradation/Utilization/Assimilation"	"C1 Compound Utilization and Assimilation"	"P42-PWY"	"incomplete reductive TCA cycle"
"P441-PWY"	"Degradation/Utilization/Assimilation"	"Carboxylate Degradation"	"P441-PWY"	"superpathway of N-acetylneuraminate degradation"
"P461-PWY"	"Generation of Precursor Metabolite and Energy"	"Fermentation"	"P461-PWY"	"hexitol fermentation to lactate, formate, ethanol and acetate"
"P562-PWY"	"Degradation/Utilization/Assimilation"	"Secondary Metabolite Degradation"	"P562-PWY"	"myo-inositol degradation I"
"PANTO-PWY"	"Biosynthesis"	"Cofactor, Prosthetic Group, Electron Carrier, and Vitamin Biosynthesis"	"PANTO-PWY"	"phosphopantothenate biosynthesis I"
"PANTOSYN-PWY"	"Biosynthesis"	"Cofactor, Prosthetic Group, Electron Carrier, and Vitamin Biosynthesis"	"PANTOSYN-PWY"	"superpathway of coenzyme A biosynthesis I (bacteria)"
"PENTOSE-P-PWY"	"Generation of Precursor Metabolite and Energy"	"Pentose Phosphate Pathways"	"PENTOSE-P-PWY"	"pentose phosphate pathway"
"PEPTIDOGLYCANSYN-PWY"	"Biosynthesis"	"Cell Structure Biosynthesis"	"PEPTIDOGLYCANSYN-PWY"	"peptidoglycan biosynthesis I (meso-diaminopimelate containing)"
"PHOSLIPSYN-PWY"	"Biosynthesis"	"Fatty Acid and Lipid Biosynthesis"	"PHOSLIPSYN-PWY"	"superpathway of phospholipid biosynthesis I (bacteria)"
"POLYAMSYN-PWY"	"Biosynthesis"	"Amine and Polyamine Biosynthesis"	"POLYAMSYN-PWY"	"superpathway of polyamine biosynthesis I"
"POLYISOPRENSYN-PWY"	"Biosynthesis"	"Cofactor, Prosthetic Group, Electron Carrier, and Vitamin Biosynthesis"	"POLYISOPRENSYN-PWY"	"polyisoprenoid biosynthesis (E. coli)"
"PPGPPMET-PWY"	"Biosynthesis"	"Metabolic Regulator Biosynthesis"	"PPGPPMET-PWY"	"ppGpp biosynthesis"
"PRPP-PWY"	"Superpathways"	"superpathway of histidine, purine, and pyrimidine biosynthesis"	"PRPP-PWY"	"superpathway of histidine, purine, and pyrimidine biosynthesis"
"PWY-1042"	"Generation of Precursor Metabolites and Energy"	"Glycolysis"	"PWY-1042"	"glycolysis IV"
"PWY-1269"	"Biosynthesis"	"Carbohydrate Biosynthesis"	"PWY-1269"	"CMP-3-deoxy-D-manno-octulosonate biosynthesis"
"PWY-1861"	"Degradation/Utilization/Assimilation"	"C1 Compound Utilization and Assimilation"	"PWY-1861"	"formaldehyde assimilation II (assimilatory RuMP Cycle)"
"PWY-241"	"Generation of Precursor Metabolites and Energy"	"Photosynthesis"	"PWY-241"	"C4 photosynthetic carbon assimilation cycle, NADP-ME type"
"PWY-2723"	"Degradation/Utilization/Assimilation"	"Carbohydrate Degradation"	"PWY-2723"	"trehalose degradation V"
"PWY-2941"	"Biosynthesis"	"Amino Acid Biosynthesis"	"PWY-2941"	"L-lysine biosynthesis II"
"PWY-2942"	"Biosynthesis"	"Amino Acid Biosynthesis"	"PWY-2942"	"L-lysine biosynthesis III"
"PWY-3001"	"Biosynthesis"	"Amino Acid Biosynthesis"	"PWY-3001"	"superpathway of L-isoleucine biosynthesis I"
"PWY-3841"	"Biosynthesis"	"Cofactor, Carrier, and Vitamin Biosynthesis"	"PWY-3841"	"folate transformations II (plants)"
"PWY-4041"	"Biosynthesis"	"Cofactor, Carrier, and Vitamin Biosynthesis"	"PWY-4041"	"γ-glutamyl cycle"
"PWY-4242"	"pathway removed"	"pathway removed"	"PWY-4242"	"pathway removed"
"PWY-4702"	"Degradation/Utilization/Assimilation"	"Secondary Metabolite Degradation"	"PWY-4702"	"phytate degradation I"
"PWY-4981"	NA	NA	NA	NA
"PWY-4984"	"Degradation/Utilization/Assimilation"	"Inorganic Nutrient Metabolism"	"PWY-4984"	"urea cycle"
"PWY-5005"	"Biosynthesis"	"Cofactor, Prosthetic Group, Electron Carrier, and Vitamin Biosynthesis"	"PWY-5005"	"biotin biosynthesis II"
"PWY-5022"	"Generation of Precursor Metabolite and Energy"	"Fermentation"	"PWY-5022"	"4-aminobutanoate degradation V"
"PWY-5030"	"Degradation/Utilization/Assimilation"	"Amino Acid Degradation"	"PWY-5030"	"L-histidine degradation III"
"PWY-5083"	"Biosynthesis"	"Cofactor, Carrier, and Vitamin Biosynthesis"	"PWY-5083"	"NAD(P)/NADPH interconversion"
"PWY-5097"	"Biosynthesis"	"Amino Acid Biosynthesis"	"PWY-5097"	"L-lysine biosynthesis VI"
"PWY-5100"	"Generation of Precursor Metabolite and Energy"	"Fermentation"	"PWY-5100"	"pyruvate fermentation to acetate and lactate II"
"PWY-5101"	"Biosynthesis"	"Amino Acid Biosynthesis"	"PWY-5101"	"L-isoleucine biosynthesis II"
"PWY-5103"	"Biosynthesis"	"Amino Acid Biosynthesis"	"PWY-5103"	"L-isoleucine biosynthesis III"
"PWY-5104"	"Biosynthesis"	"Amino Acid Biosynthesis"	"PWY-5104"	"L-isoleucine biosynthesis IV"
"PWY-5121"	"Biosynthesis"	"Secondary Metabolite Biosynthesis"	"PWY-5121"	"superpathway of geranylgeranyl diphosphate biosynthesis II (via MEP)"
"PWY-5136"	"Degradation/Utilization/Assimilation"	"Fatty Acid and Lipid Degradation"	"PWY-5136"	"fatty acid β-oxidation II (plant peroxisome)"
"PWY-5154"	"Biosynthesis"	"Amino Acid Biosynthesis"	"PWY-5154"	"L-arginine biosynthesis III (via N-acetyl-L-citrulline)"
"PWY-5173"	"pathway removed"	"pathway removed"	"PWY-5173"	"pathway removed"
"PWY-5177"	"Degradation/Utilization/Assimilation"	"Carboxylate Degradation"	"PWY-5177"	"glutaryl-CoA degradation"
"PWY-5188"	"Biosynthesis"	"Cofactor, Prosthetic Group, Electron Carrier, and Vitamin Biosynthesis"	"PWY-5188"	"tetrapyrrole biosynthesis I (from glutamate)"
"PWY-5189"	"Biosynthesis"	"Cofactor, Prosthetic Group, Electron Carrier, and Vitamin Biosynthesis"	"PWY-5189"	"tetrapyrrole biosynthesis II (from glycine)"
"PWY-5304"	"Degradation/Utilization/Assimilation"	"Inorganic Nutrient Metabolism"	"PWY-5304"	"superpathway of sulfur oxidation (Acidianus ambivalens)"
"PWY-5345"	"Biosynthesis"	"Amino Acid Biosynthesis"	"PWY-5345"	"superpathway of L-methionine biosynthesis (by sulfhydrylation)"
"PWY-5347"	"Biosynthesis"	"Amino Acid Biosynthesis"	"PWY-5347"	"superpathway of L-methionine biosynthesis (transsulfuration)"
"PWY-5367"	NA	NA	NA	NA
"PWY-5384"	"Degradation/Utilization/Assimilation"	"Carbohydrate Degradation"	"PWY-5384"	"sucrose degradation IV (sucrose phosphorylase)"
"PWY-5464"	"Generation of Precursor Metabolites and Energy"	""	"PWY-5464"	"superpathway of cytosolic glycolysis (plants), pyruvate dehydrogenase and TCA cycle"
"PWY-5484"	"Generation of Precursor Metabolite and Energy"	"Glycolysis"	"PWY-5484"	"glycolysis II (from fructose 6-phosphate)"
"PWY-5505"	"Biosynthesis"	"Amino Acid Biosynthesis"	"PWY-5505"	"L-glutamate and L-glutamine biosynthesis"
"PWY-561"	"Generation of Precursor Metabolites and Energy"	""	"PWY-561"	"superpathway of glyoxylate cycle and fatty acid degradation"
"PWY-5659"	"Biosynthesis"	"Carbohydrate Biosynthesis"	"PWY-5659"	"GDP-mannose biosynthesis"
"PWY-5667"	"Biosynthesis"	"Fatty Acid and Lipid Biosynthesis"	"PWY-5667"	"CDP-diacylglycerol biosynthesis I"
"PWY-5676"	"Generation of Precursor Metabolite and Energy"	"Fermentation"	"PWY-5676"	"acetyl-CoA fermentation to butanoate II"
"PWY-5686"	"Biosynthesis"	"Nucleoside and Nucleotide Biosynthesis"	"PWY-5686"	"UMP biosynthesis I"
"PWY-5690"	"Generation of Precursor Metabolites and Energy"	"TCA cycle"	"PWY-5690"	"TCA cycle II (plants and fungi)"
"PWY-5695"	"Degradation/Utilization/Assimilation"	"Nucleoside and Nucleotide Degradation"	"PWY-5695"	"inosine 5.-phosphate degradation"
"PWY-5705"	"Degradation/Utilization/Assimilation"	"Amine and Polyamine Degradation"	"PWY-5705"	"allantoin degradation to glyoxylate III"
"PWY-5723"	"Generation of Precursor Metabolites and Energy"	""	"PWY-5723"	"Rubisco shunt"
"PWY-5791"	"pathway removed"	"pathway removed"	"PWY-5791"	"pathway removed"
"PWY-5837"	"Biosynthesis"	"Cofactor, Prosthetic Group, Electron Carrier, and Vitamin Biosynthesis"	"PWY-5837"	"2-carboxy-1,4-naphthoquinol biosynthesis"
"PWY-5838"	"Biosynthesis"	"Cofactor, Prosthetic Group, Electron Carrier, and Vitamin Biosynthesis"	"PWY-5838"	"superpathway of menaquinol-8 biosynthesis I"
"PWY-5840"	"Biosynthesis"	"Cofactor, Prosthetic Group, Electron Carrier, and Vitamin Biosynthesis"	"PWY-5840"	"superpathway of menaquinol-7 biosynthesis"
"PWY-5845"	"Biosynthesis"	"Cofactor, Prosthetic Group, Electron Carrier, and Vitamin Biosynthesis"	"PWY-5845"	"superpathway of menaquinol-9 biosynthesis"
"PWY-5850"	"Biosynthesis"	"Cofactor, Prosthetic Group, Electron Carrier, and Vitamin Biosynthesis"	"PWY-5850"	"superpathway of menaquinol-6 biosynthesis I"
"PWY-5855"	"Biosynthesis"	"Cofactor, Prosthetic Group, Electron Carrier, and Vitamin Biosynthesis"	"PWY-5855"	"ubiquinol-7 biosynthesis (prokaryotic)"
"PWY-5856"	"Biosynthesis"	"Cofactor, Prosthetic Group, Electron Carrier, and Vitamin Biosynthesis"	"PWY-5856"	"ubiquinol-9 biosynthesis (prokaryotic)"
"PWY-5857"	"Biosynthesis"	"Cofactor, Prosthetic Group, Electron Carrier, and Vitamin Biosynthesis"	"PWY-5857"	"ubiquinol-10 biosynthesis (prokaryotic)"
"PWY-5860"	"Biosynthesis"	"Cofactor, Prosthetic Group, Electron Carrier, and Vitamin Biosynthesis"	"PWY-5860"	"superpathway of demethylmenaquinol-6 biosynthesis I"
"PWY-5861"	"Biosynthesis"	"Cofactor, Prosthetic Group, Electron Carrier, and Vitamin Biosynthesis"	"PWY-5861"	"superpathway of demethylmenaquinol-8 biosynthesis I"
"PWY-5862"	"Biosynthesis"	"Cofactor, Prosthetic Group, Electron Carrier, and Vitamin Biosynthesis"	"PWY-5862"	"superpathway of demethylmenaquinol-9 biosynthesis"
"PWY-5863"	"Biosynthesis"	"Cofactor, Prosthetic Group, Electron Carrier, and Vitamin Biosynthesis"	"PWY-5863"	"superpathway of phylloquinol biosynthesis"
"PWY-5896"	"Biosynthesis"	"Cofactor, Prosthetic Group, Electron Carrier, and Vitamin Biosynthesis"	"PWY-5896"	"superpathway of menaquinol-10 biosynthesis"
"PWY-5897"	"Biosynthesis"	"Cofactor, Prosthetic Group, Electron Carrier, and Vitamin Biosynthesis"	"PWY-5897"	"superpathway of menaquinol-11 biosynthesis"
"PWY-5898"	"Biosynthesis"	"Cofactor, Prosthetic Group, Electron Carrier, and Vitamin Biosynthesis"	"PWY-5898"	"superpathway of menaquinol-12 biosynthesis"
"PWY-5899"	"Biosynthesis"	"Cofactor, Prosthetic Group, Electron Carrier, and Vitamin Biosynthesis"	"PWY-5899"	"superpathway of menaquinol-13 biosynthesis"
"PWY-5913"	"Generation of Precursor Metabolite and Energy"	"TCA cycle"	"PWY-5913"	"partial TCA cycle (obligate autotrophs)"
"PWY-5918"	"Biosynthesis"	"Cofactor, Prosthetic Group, Electron Carrier, and Vitamin Biosynthesis"	"PWY-5918"	"superpathay of heme b biosynthesis from glutamate"
"PWY-5941"	"Degradation/Utilization/Assimilation"	"Polymeric Compound Degradation"	"PWY-5941"	"glycogen degradation II"
"PWY-5971"	"Biosynthesis"	"Fatty Acid and Lipid Biosynthesis"	"PWY-5971"	"palmitate biosynthesis II (bacteria and plants)"
"PWY-5973"	"Biosynthesis"	"Fatty Acid and Lipid Biosynthesis"	"PWY-5973"	"cis-vaccenate biosynthesis"
"PWY-5989"	"Biosynthesis"	"Fatty Acid and Lipid Biosynthesis"	"PWY-5989"	"stearate biosynthesis II (bacteria and plants)"
"PWY-6113"	"Biosynthesis"	"Fatty Acid and Lipid Biosynthesis"	"PWY-6113"	"superpathway of mycolate biosynthesis"
"PWY-6121"	"Biosynthesis"	"Nucleoside and Nucleotide Biosynthesis"	"PWY-6121"	"5-aminoimidazole ribonucleotide biosynthesis I"
"PWY-6122"	"Biosynthesis"	"Nucleoside and Nucleotide Biosynthesis"	"PWY-6122"	"5-aminoimidazole ribonucleotide biosynthesis II"
"PWY-6123"	"Biosynthesis"	"Nucleoside and Nucleotide Biosynthesis"	"PWY-6123"	"inosine-5.-phosphate biosynthesis I"
"PWY-6124"	NA	NA	NA	NA
"PWY-6125"	"Biosynthesis"	"Nucleoside and Nucleotide Biosynthesis"	"PWY-6125"	"superpathway of guanosine nucleotides de novo biosynthesis II"
"PWY-6126"	"Biosynthesis"	"Nucleoside and Nucleotide Biosynthesis"	"PWY-6126"	"superpathway of adenosine nucleotides de novo biosynthesis II"
"PWY-6147"	"Biosynthesis"	"Cofactor, Prosthetic Group, Electron Carrier, and Vitamin Biosynthesis"	"PWY-6147"	"6-hydroxymethyl-dihydropterin diphosphate biosynthesis I"
"PWY-6151"	"Biosynthesis"	"Amino Acid Biosynthesis"	"PWY-6151"	"S-adenosyl-L-methionine cycle I"
"PWY-6163"	"Biosynthesis"	"Aromatic Compound Biosynthesis"	"PWY-6163"	"chorismate biosynthesis from 3-dehydroquinate"
"PWY-6168"	"Biosynthesis"	"Cofactor, Carrier, and Vitamin Biosynthesis"	"PWY-6168"	"flavin biosynthesis III (fungi)"
"PWY-621"	"Degradation/Utilization/Assimilation"	"Carbohydrate Degradation"	"PWY-621"	"sucrose degradation III (sucrose invertase)"
"PWY-6270"	"Biosynthesis"	"Secondary Metabolite Biosynthesis"	"PWY-6270"	"isoprene biosynthesis I"
"PWY-6277"	"Biosynthesis"	"Nucleoside and Nucleotide Biosynthesis"	"PWY-6277"	"superpathway of 5-aminoimidazole ribonucleotide biosynthesis"
"PWY-6282"	"Biosynthesis"	"Fatty Acid and Lipid Biosynthesis"	"PWY-6282"	"palmitoleate biosynthesis I (from (5Z)-dodec-5-enoate)"
"PWY-6284"	"Biosynthesis"	"Fatty Acid and Lipid Biosynthesis"	"PWY-6284"	"superpathway of unsaturated fatty acids biosynthesis (E. coli)"
"PWY-6285"	"Biosynthesis"	"Fatty Acid and Lipid Biosynthesis"	"PWY-6285"	"superpathway of fatty acids biosynthesis (E. coli)"
"PWY-6305"	"Biosynthesis"	"Amine and Polyamine Biosynthesis"	"PWY-6305"	"superpathway of putrescine biosynthesis"
"PWY-6317"	"Degradation/Utilization/Assimilation"	"Carbohydrate Degradation"	"PWY-6317"	"D-galactose degradation I (Leloir pathway)"
"PWY-6353"	"Degradation/Utilization/Assimilation"	"Nucleoside and Nucleotide Degradation"	"PWY-6353"	"purine nucleotides degradation II (aerobic)"
"PWY-6385"	"Biosynthesis"	"Cell Structure Biosynthesis"	"PWY-6385"	"peptidoglycan biosynthesis III (mycobacteria)"
"PWY-6386"	"Biosynthesis"	"Cell Structure Biosynthesis"	"PWY-6386"	"UDP-N-acetylmuramoyl-pentapeptide biosynthesis II (lysine-containing)"
"PWY-6387"	"Biosynthesis"	"Cell Structure Biosynthesis"	"PWY-6387"	"UDP-N-acetylmuramoyl-pentapeptide biosynthesis I (meso-diaminopimelate containing)"
"PWY-6471"	"Biosynthesis"	"Cell Structure Biosynthesis"	"PWY-6471"	"peptidoglycan biosynthesis IV (Enterococcus faecium)"
"PWY-6507"	"Degradation/Utilization/Assimilation"	"Secondary Metabolite Degradation"	"PWY-6507"	"4-deoxy-L-threo-hex-4-enopyranuronate degradation"
"PWY-6519"	"Biosynthesis"	"Cofactor, Prosthetic Group, Electron Carrier, and Vitamin Biosynthesis"	"PWY-6519"	"8-amino-7-oxononanoate biosynthesis I"
"PWY-6527"	"Degradation/Utilization/Assimilation"	"Carbohydrate Degradation"	"PWY-6527"	"stachyose degradation"
"PWY-6531"	"Degradation/Utilization/Assimilation"	"Secondary Metabolite Degradation"	"PWY-6531"	"mannitol cycle"
"PWY-6545"	"Biosynthesis"	"Nucleoside and Nucleotide Biosynthesis"	"PWY-6545"	"pyrimidine deoxyribonucleotides de novo biosynthesis III"
"PWY-6549"	NA	NA	NA	NA
"PWY-6588"	"Generation of Precursor Metabolite and Energy"	"Fermentation"	"PWY-6588"	"pyruvate fermentation to acetone"
"PWY-6590"	"Generation of Precursor Metabolite and Energy"	"Fermentation"	"PWY-6590"	"superpathway of Clostridium acetobutylicum acidogenic fermentation"
"PWY-6595"	"Degradation/Utilization/Assimilation"	"Nucleoside and Nucleotide Degradation"	"PWY-6595"	"superpathway of guanosine nucleotides degradation (plants)"
"PWY-6606"	"Degradation/Utilization/Assimilation"	"Nucleoside and Nucleotide Degradation"	"PWY-6606"	"guanosine nucleotides degradation II"
"PWY-6608"	"Degradation/Utilization/Assimilation"	"Nucleoside and Nucleotide Degradation"	"PWY-6608"	"guanosine nucleotides degradation III"
"PWY-6609"	"Biosynthesis"	"Nucleoside and Nucleotide Biosynthesis"	"PWY-6609"	"adenine and adenosine salvage III"
"PWY-6612"	"Biosynthesis"	"Cofactor, Prosthetic Group, Electron Carrier, and Vitamin Biosynthesis"	"PWY-6612"	"superpathway of tetrahydrofolate biosynthesis"
"PWY-6628"	"Biosynthesis"	"Amino Acid Biosynthesis"	"PWY-6628"	"superpathway of L-phenylalanine biosynthesis"
"PWY-6629"	"Biosynthesis"	"Amino Acid Biosynthesis"	"PWY-6629"	"superpathway of L-tryptophan biosynthesis"
"PWY-6630"	"Biosynthesis"	"Amino Acid Biosynthesis"	"PWY-6630"	"superpathway of L-tyrosine biosynthesis"
"PWY-6690"	"Degradation/Utilization/Assimilation"	"Aromatic Compound Degradation"	"PWY-6690"	"cinnamate and 3-hydroxycinnamate degradation to 2-hydroxypentadienoate"
"PWY-6700"	"Macromolecule Modification"	"Nucleic Acid Processing"	"PWY-6700"	"queuosine biosynthesis"
"PWY-6703"	"Biosynthesis"	"Secondary Metabolite Biosynthesis"	"PWY-6703"	"preQ0 biosynthesis"
"PWY-6708"	"Biosynthesis"	"Cofactor, Prosthetic Group, Electron Carrier, and Vitamin Biosynthesis"	"PWY-6708"	"ubiquinol-8 biosynthesis (prokaryotic)"
"PWY-6737"	"Degradation/Utilization/Assimilation"	"Polymeric Compound Degradation"	"PWY-6737"	"starch degradation V"
"PWY-6803"	"Biosynthesis"	"Fatty Acid and Lipid Biosynthesis"	"PWY-6803"	"phosphatidylcholine acyl editing"
"PWY-6823"	"Biosynthesis"	"Cofactor, Prosthetic Group, Electron Carrier, and Vitamin Biosynthesis"	"PWY-6823"	"molybdenum cofactor biosynthesis"
"PWY-6859"	"Biosynthesis"	"Secondary Metabolite Biosynthesis"	"PWY-6859"	"all-trans-farnesol biosynthesis"
"PWY-6891"	"Biosynthesis"	"Cofactor, Prosthetic Group, Electron Carrier, and Vitamin Biosynthesis"	"PWY-6891"	"thiazole biosynthesis II (aerobic bacteria)"
"PWY-6892"	"Biosynthesis"	"Cofactor, Prosthetic Group, Electron Carrier, and Vitamin Biosynthesis"	"PWY-6892"	"thiazole biosynthesis I (facultative anaerobic bacteria)"
"PWY-6895"	"Biosynthesis"	"Cofactor, Prosthetic Group, Electron Carrier, and Vitamin Biosynthesis"	"PWY-6895"	"superpathway of thiamine diphosphate biosynthesis II"
"PWY-6897"	"Biosynthesis"	"Cofactor, Prosthetic Group, Electron Carrier, and Vitamin Biosynthesis"	"PWY-6897"	"thiamine salvage II"
"PWY-6901"	"Degradation/Utilization/Assimilation"	"Carbohydrate Degradation"	"PWY-6901"	"superpathway of glucose and xylose degradation"
"PWY-6936"	NA	NA	NA	NA
"PWY-6969"	"Generation of Precursor Metabolite and Energy"	"TCA cycle"	"PWY-6969"	"TCA cycle V (2-oxoglutarate:ferredoxin oxidoreductase)"
"PWY-7003"	"Generation of Precursor Metabolite and Energy"	"Fermentation"	"PWY-7003"	"glycerol degradation to butanol"
"PWY-7013"	"Generation of Precursor Metabolite and Energy"	"Fermentation"	"PWY-7013"	"(S)-propane-1,2-diol degradation"
"PWY-7111"	"Generation of Precursor Metabolite and Energy"	"Fermentation"	"PWY-7111"	"pyruvate fermentation to isobutanol (engineered)"
"PWY-7115"	"Generation of Precursor Metabolites and Energy"	"Photosynthesis"	"PWY-7115"	"C4 photosynthetic carbon assimilation cycle, NAD-ME type"
"PWY-7117"	"Generation of Precursor Metabolites and Energy"	"Photosynthesis"	"PWY-7117"	"C4 photosynthetic carbon assimilation cycle, PEPCK type"
"PWY-7184"	"Biosynthesis"	"Nucleoside and Nucleotide Biosynthesis"	"PWY-7184"	"pyrimidine deoxyribonucleotides de novo biosynthesis I"
"PWY-7187"	"Biosynthesis"	"Nucleoside and Nucleotide Biosynthesis"	"PWY-7187"	"pyrimidine deoxyribonucleotides de novo biosynthesis II"
"PWY-7196"	"Biosynthesis"	"Nucleoside and Nucleotide Biosynthesis"	"PWY-7196"	"superpathway of pyrimidine ribonucleosides salvage"
"PWY-7197"	"Biosynthesis"	"Nucleoside and Nucleotide Biosynthesis"	"PWY-7197"	"pyrimidine deoxyribonucleotide phosphorylation"
"PWY-7198"	"Biosynthesis"	"Nucleoside and Nucleotide Biosynthesis"	"PWY-7198"	"pyrimidine deoxyribonucleotides de novo biosynthesis IV"
"PWY-7199"	"Biosynthesis"	"Nucleoside and Nucleotide Biosynthesis"	"PWY-7199"	"pyrimidine deoxyribonucleosides salvage"
"PWY-7204"	"Biosynthesis"	"Cofactor, Carrier, and Vitamin Biosynthesis"	"PWY-7204"	"pyridoxal 5-phosphate salvage II (plants);Biosynthesis;Cofactor, Carrier, and Vitamin Biosynthesis;PWY-7282;4-amino-2-methyl-5-diphosphomethylpyrimidine biosynthesis II;Biosynthesis;Cofactor, Carrier, and Vitamin Biosynthesis;PWY-7357;thiamine phosphate formation from pyrithiamine and oxythiamine (yeast);Biosynthesis;Fatty Acid and Lipid Biosynthesis;PWY-5367;petroselinate biosynthesis;Biosynthesis;Fatty Acid and Lipid Biosynthesis;PWY-7388;octanoyl-[acyl-carrier protein] biosynthesis (mitochondria, yeast);Biosynthesis;Amino Acid Biosynthesis;ARGININE-SYN4-PWY;L-ornithine biosynthesis II;Biosynthesis;Amino Acid Biosynthesis;PWY-6936;seleno-amino acid biosynthesis (plants);Biosynthesis;Fatty Acid and Lipid Biosynthesis;PWY-7409;phospholipid remodeling (phosphatidylethanolamine, yeast);Biosynthesis;Amino Acid Biosynthesis;METSYN-PWY;L-methionine De Novo Biosynthesis;Biosynthesis;Amino Acid Biosynthesis;PWY-4981;L-proline biosynthesis II (from arginine);Biosynthesis;Amino Acid Biosynthesis;PWY-6549;L-glutamine biosynthesis III;Biosynthesis;Nucleoside and Nucleotide Biosynthesis;PWY-6124;inosine-5-phosphate biosynthesis II"
"PWY-7208"	"Biosynthesis"	"Nucleoside and Nucleotide Biosynthesis"	"PWY-7208"	"superpathway of pyrimidine nucleobases salvage"
"PWY-7209"	"Degradation/Utilization/Assimilation"	"Nucleoside and Nucleotide Degradation"	"PWY-7209"	"superpathway of pyrimidine ribonucleosides degradation"
"PWY-7210"	"Biosynthesis"	"Nucleoside and Nucleotide Biosynthesis"	"PWY-7210"	"pyrimidine deoxyribonucleotides biosynthesis from CTP"
"PWY-7211"	"Biosynthesis"	"Nucleoside and Nucleotide Biosynthesis"	"PWY-7211"	"superpathway of pyrimidine deoxyribonucleotides de novo biosynthesis"
"PWY-7219"	"Biosynthesis"	"Nucleoside and Nucleotide Biosynthesis"	"PWY-7219"	"adenosine ribonucleotides de novo biosynthesis"
"PWY-7220"	"Biosynthesis"	"Nucleoside and Nucleotide Biosynthesis"	"PWY-7220"	"adenosine deoxyribonucleotides de novo biosynthesis II"
"PWY-7221"	"Biosynthesis"	"Nucleoside and Nucleotide Biosynthesis"	"PWY-7221"	"guanosine ribonucleotides de novo biosynthesis"
"PWY-7222"	"Biosynthesis"	"Nucleoside and Nucleotide Biosynthesis"	"PWY-7222"	"guanosine deoxyribonucleotides de novo biosynthesis II"
"PWY-7228"	"Biosynthesis"	"Nucleoside and Nucleotide Biosynthesis"	"PWY-7228"	"superpathway of guanosine nucleotides de novo biosynthesis I"
"PWY-7229"	"Biosynthesis"	"Nucleoside and Nucleotide Biosynthesis"	"PWY-7229"	"superpathway of adenosine nucleotides de novo biosynthesis I"
"PWY-7234"	"Biosynthesis"	"Nucleoside and Nucleotide Biosynthesis"	"PWY-7234"	"inosine-5.-phosphate biosynthesis III"
"PWY-7237"	"Degradation/Utilization/Assimilation"	"Secondary Metabolite Degradation"	"PWY-7237"	"myo-, chiro- and scyllo-inositol degradation"
"PWY-7242"	"Degradation/Utilization/Assimilation"	"Secondary Metabolite Degradation"	"PWY-7242"	"D-fructuronate degradation"
"PWY-724"	"Biosynthesis"	"Amino Acid Biosynthesis"	"PWY-724"	"superpathway of L-lysine, L-threonine and L-methionine biosynthesis II"
"PWY-7254"	"Generation of Precursor Metabolite and Energy"	"TCA cycle"	"PWY-7254"	"TCA cycle VII (acetate-producers)"
"PWY-7269"	"Biosynthesis"	"Cofactor, Carrier, and Vitamin Biosynthesis"	"PWY-7269"	"mitochondrial NADPH production (yeast)"
"PWY-7282"	NA	NA	NA	NA
"PWY-7315"	"Biosynthesis"	"Carbohydrate Biosynthesis"	"PWY-7315"	"dTDP-N-acetylthomosamine biosynthesis"
"PWY-7323"	"Biosynthesis"	"Carbohydrate Biosynthesis"	"PWY-7323"	"superpathway of GDP-mannose-derived O-antigen building blocks biosynthesis"
"PWY-7328"	"Biosynthesis"	"Carbohydrate Biosynthesis"	"PWY-7328"	"superpathway of UDP-glucose-derived O-antigen building blocks biosynthesis"
"PWY-7357"	NA	NA	NA	NA
"PWY-7383"	"Generation of Precursor Metabolites and Energy"	"Fermentation"	"PWY-7383"	"anaerobic energy metabolism (invertebrates, cytosol)"
"PWY-7388"	NA	NA	NA	NA
"PWY-7392"	"Biosynthesis"	"Secondary Metabolite Biosynthesis"	"PWY-7392"	"taxadiene biosynthesis (engineered)"
"PWY-7399"	"Degradation/Utilization/Assimilation"	"Inorganic Nutrient Metabolism"	"PWY-7399"	"methylphosphonate degradation II"
"PWY-7400"	"Biosynthesis"	"Amino Acid Biosynthesis"	"PWY-7400"	"L-arginine biosynthesis IV (archaebacteria)"
"PWY-7409"	NA	NA	NA	NA
"PWY-7446"	"Degradation/Utilization/Assimilation"	"Secondary Metabolite Degradation"	"PWY-7446"	"sulfoquinovose degradation I"
"PWY-7456"	"Degradation/Utilization/Assimilation"	"Polymeric Compound Degradation"	"PWY-7456"	"beta-(1,4)-mannan degradation"
"PWY-7539"	"Biosynthesis"	"Cofactor, Prosthetic Group, Electron Carrier, and Vitamin Biosynthesis"	"PWY-7539"	"6-hydroxymethyl-dihydropterin diphosphate biosynthesis III (Chlamydia)"
"PWY-7560"	"Biosynthesis"	"Secondary Metabolite Biosynthesis"	"PWY-7560"	"methylerythritol phosphate pathway II"
"PWY-7663"	"Biosynthesis"	"Fatty Acid and Lipid Biosynthesis"	"PWY-7663"	"gondoate biosynthesis (anaerobic)"
"PWY-7664"	"Biosynthesis"	"Fatty Acid and Lipid Biosynthesis"	"PWY-7664"	"oleate biosynthesis IV (anaerobic)"
"PWY-821"	"Biosynthesis"	"Amino Acid Biosynthesis"	"PWY-821"	"superpathway of sulfur amino acid biosynthesis (Saccharomyces cerevisiae)"
"PWY-841"	"Biosynthesis"	"Nucleoside and Nucleotide Biosynthesis"	"PWY-841"	"superpathway of purine nucleotides de novo biosynthesis I"
"PWY-922"	"Biosynthesis"	"Secondary Metabolite Biosynthesis"	"PWY-922"	"mevalonate pathway I"
"PWY0-1061"	"Biosynthesis"	"Amino Acid Biosynthesis"	"PWY0-1061"	"superpathway of L-alanine biosynthesis"
"PWY0-1241"	"Biosynthesis"	"Carbohydrate Biosynthesis"	"PWY0-1241"	"ADP-L-glycero-beta-D-manno-heptose biosynthesis"
"PWY0-1261"	"Degradation/Utilization/Assimilation"	"Secondary Metabolite Degradation"	"PWY0-1261"	"anhydromuropeptides recycling I"
"PWY0-1277"	"Degradation/Utilization/Assimilation"	"Aromatic Compound Degradation"	"PWY0-1277"	"3-phenylpropanoate and 3-(3-hydroxyphenyl)propanoate degradation"
"PWY0-1296"	"Degradation/Utilization/Assimilation"	"Nucleoside and Nucleotide Degradation"	"PWY0-1296"	"purine ribonucleosides degradation"
"PWY0-1297"	"Degradation/Utilization/Assimilation"	"Nucleoside and Nucleotide Degradation"	"PWY0-1297"	"superpathway of purine deoxyribonucleosides degradation"
"PWY0-1298"	"Degradation/Utilization/Assimilation"	"Nucleoside and Nucleotide Degradation"	"PWY0-1298"	"superpathway of pyrimidine deoxyribonucleosides degradation"
"PWY0-1319"	"Biosynthesis"	"Fatty Acid and Lipid Biosynthesis"	"PWY0-1319"	"CDP-diacylglycerol biosynthesis II"
"PWY0-1415"	"Biosynthesis"	"Cofactor, Prosthetic Group, Electron Carrier, and Vitamin Biosynthesis"	"PWY0-1415"	"superpathway of heme b biosynthesis from uroporphyrinogen-III"
"PWY0-1533"	"Degradation/Utilization/Assimilation"	"Inorganic Nutrient Metabolism"	"PWY0-1533"	"methylphosphonate degradation I"
"PWY0-1586"	"Biosynthesis"	"Cell Structure Biosynthesis"	"PWY0-1586"	"peptidoglycan maturation (meso-diaminopimelate containing)"
"PWY0-162"	"Biosynthesis"	"Nucleoside and Nucleotide Biosynthesis"	"PWY0-162"	"superpathway of pyrimidine ribonucleotides de novo biosynthesis"
"PWY0-166"	"Biosynthesis"	"Nucleoside and Nucleotide Biosynthesis"	"PWY0-166"	"superpathway of pyrimidine deoxyribonucleotides de novo biosynthesis (E. coli)"
"PWY0-781"	"Superpathways"	"aspartate superpathway"	"PWY0-781"	"aspartate superpathway"
"PWY0-845"	"Biosynthesis"	"Cofactor, Prosthetic Group, Electron Carrier, and Vitamin Biosynthesis"	"PWY0-845"	"superpathway of pyridoxal 5.-phosphate biosynthesis and salvage"
"PWY0-862"	"Biosynthesis"	"Fatty Acid and Lipid Biosynthesis"	"PWY0-862"	"(5Z)-dodecenoate biosynthesis I"
"PWY4FS-7"	"Biosynthesis"	"Fatty Acid and Lipid Biosynthesis"	"PWY4FS-7"	"phosphatidylglycerol biosynthesis I (plastidic)"
"PWY4FS-8"	"Biosynthesis"	"Fatty Acid and Lipid Biosynthesis"	"PWY4FS-8"	"phosphatidylglycerol biosynthesis II (non-plastidic)"
"PWY4LZ-257"	"Generation of Precursor Metabolites and Energy"	"Fermentation"	"PWY4LZ-257"	"superpathway of fermentation (Chlamydomonas reinhardtii)"
"PWY66-398"	"Generation of Precursor Metabolites and Energy"	"TCA cycle"	"PWY66-398"	"TCA cycle III (animals)"
"PWY66-399"	"Biosynthesis"	"Carbohydrate Biosynthesis"	"PWY66-399"	"gluconeogenesis III"
"PWY66-400"	"pathway removed"	"pathway removed"	"PWY66-400"	"pathway removed"
"PWY66-409"	"Biosynthesis"	"Nucleoside and Nucleotide Biosynthesis"	"PWY66-409"	"superpathway of purine nucleotide salvage"
"PWY66-422"	"pathway removed"	"pathway removed"	"PWY66-422"	"pathway removed"
"PWYG-321"	"Biosynthesis"	"Fatty Acid and Lipid Biosynthesis"	"PWYG-321"	"mycolate biosynthesis"
"PYRIDNUCSAL-PWY"	"Biosynthesis"	"Cofactor, Prosthetic Group, Electron Carrier, and Vitamin Biosynthesis"	"PYRIDNUCSAL-PWY"	"NAD salvage pathway I (PNC VI cycle)"
"PYRIDNUCSYN-PWY"	"Biosynthesis"	"Cofactor, Prosthetic Group, Electron Carrier, and Vitamin Biosynthesis"	"PYRIDNUCSYN-PWY"	"NAD de novo biosynthesis I (from aspartate)"
"PYRIDOXSYN-PWY"	"Biosynthesis"	"Cofactor, Prosthetic Group, Electron Carrier, and Vitamin Biosynthesis"	"PYRIDOXSYN-PWY"	"pyridoxal 5.-phosphate biosynthesis I"
"REDCITCYC"	"Generation of Precursor Metabolite and Energy"	"TCA cycle"	"REDCITCYC"	"TCA cycle VIII (helicobacter)"
"RHAMCAT-PWY"	"Degradation/Utilization/Assimilation"	"Carbohydrate Degradation"	"RHAMCAT-PWY"	"L-rhamnose degradation I"
"RIBOSYN2-PWY"	"Biosynthesis"	"Cofactor, Prosthetic Group, Electron Carrier, and Vitamin Biosynthesis"	"RIBOSYN2-PWY"	"flavin biosynthesis I (bacteria and plants)"
"RUMP-PWY"	"Degradation/Utilization/Assimilation"	"C1 Compound Utilization and Assimilation"	"RUMP-PWY"	"formaldehyde oxidation I"
"SALVADEHYPOX-PWY"	"Degradation/Utilization/Assimilation"	"Nucleoside and Nucleotide Degradation"	"SALVADEHYPOX-PWY"	"adenosine nucleotides degradation II"
"SER-GLYSYN-PWY"	"Biosynthesis"	"Amino Acid Biosynthesis"	"SER-GLYSYN-PWY"	"superpathway of L-serine and glycine biosynthesis I"
"SO4ASSIM-PWY"	"Degradation/Utilization/Assimilation"	"Inorganic Nutrient Metabolism"	"SO4ASSIM-PWY"	"assimilatory sulfate reduction I"
"SULFATE-CYS-PWY"	"Degradation/Utilization/Assimilation"	"Inorganic Nutrient Metabolism"	"SULFATE-CYS-PWY"	"superpathway of sulfate assimilation and cysteine biosynthesis"
"TCA-GLYOX-BYPASS"	"Generation of Precursor Metabolite and Energy"	"TCA cycle"	"TCA-GLYOX-BYPASS"	"superpathway of glyoxylate bypass and TCA"
"TCA"	"Generation of Precursor Metabolite and Energy"	"TCA cycle"	"TCA"	"TCA cycle I (prokaryotic)"
"THISYN-PWY"	"Biosynthesis"	"Cofactor, Prosthetic Group, Electron Carrier, and Vitamin Biosynthesis"	"THISYN-PWY"	"superpathway of thiamine diphosphate biosynthesis I"
"THISYNARA-PWY"	"pathway removed"	"pathway removed"	"THISYNARA-PWY"	"pathway removed"
"THRESYN-PWY"	"Biosynthesis"	"Amino Acid Biosynthesis"	"THRESYN-PWY"	"superpathway of L-threonine biosynthesis"
"TRNA-CHARGING-PWY"	"Biosynthesis"	"Aminoacyl-tRNA Charging"	"TRNA-CHARGING-PWY"	"tRNA charging"
"TRPSYN-PWY"	"Biosynthesis"	"Amino Acid Biosynthesis"	"TRPSYN-PWY"	"L-tryptophan biosynthesis"
"UBISYN-PWY"	"Biosynthesis"	"Cofactor, Prosthetic Group, Electron Carrier, and Vitamin Biosynthesis"	"UBISYN-PWY"	"superpathway of ubiquinol-8 biosynthesis (prokaryotic)"
"UDPNAGSYN-PWY"	"Biosynthesis"	"Carbohydrate Biosynthesis"	"UDPNAGSYN-PWY"	"UDP-N-acetyl-D-glucosamine biosynthesis I"
"VALSYN-PWY"	"Biosynthesis"	"Amino Acid Biosynthesis"	"VALSYN-PWY"	"L-valine biosynthesis"
"3-HYDROXYPHENYLACETATE-DEGRADATION-PWY"	"Class Unknown"	"Class_2 Unknown"	"3-HYDROXYPHENYLACETATE-DEGRADATION-PWY"	"no information"
"AEROBACTINSYN-PWY"	"Class Unknown"	"Class_2 Unknown"	"AEROBACTINSYN-PWY"	"no information"
"ALL-CHORISMATE-PWY"	"Class Unknown"	"Class_2 Unknown"	"ALL-CHORISMATE-PWY"	"no information"
"ARGORNPROST-PWY"	"Class Unknown"	"Class_2 Unknown"	"ARGORNPROST-PWY"	"no information"
"CATECHOL-ORTHO-CLEAVAGE-PWY"	"Class Unknown"	"Class_2 Unknown"	"CATECHOL-ORTHO-CLEAVAGE-PWY"	"no information"
"CENTBENZCOA-PWY"	"Class Unknown"	"Class_2 Unknown"	"CENTBENZCOA-PWY"	"no information"
"CHLOROPHYLL-SYN"	"Class Unknown"	"Class_2 Unknown"	"CHLOROPHYLL-SYN"	"no information"
"CODH-PWY"	"Class Unknown"	"Class_2 Unknown"	"CODH-PWY"	"no information"
"DENITRIFICATION-PWY"	"Class Unknown"	"Class_2 Unknown"	"DENITRIFICATION-PWY"	"no information"
"DHGLUCONATE-PYR-CAT-PWY"	"Class Unknown"	"Class_2 Unknown"	"DHGLUCONATE-PYR-CAT-PWY"	"no information"
"GALLATE-DEGRADATION-I-PWY"	"Class Unknown"	"Class_2 Unknown"	"GALLATE-DEGRADATION-I-PWY"	"no information"
"GALLATE-DEGRADATION-II-PWY"	"Class Unknown"	"Class_2 Unknown"	"GALLATE-DEGRADATION-II-PWY"	"no information"
"LEU-DEG2-PWY"	"Class Unknown"	"Class_2 Unknown"	"LEU-DEG2-PWY"	"no information"
"LIPASYN-PWY"	"Class Unknown"	"Class_2 Unknown"	"LIPASYN-PWY"	"no information"
"LPSSYN-PWY"	"Class Unknown"	"Class_2 Unknown"	"LPSSYN-PWY"	"no information"
"METH-ACETATE-PWY"	"Class Unknown"	"Class_2 Unknown"	"METH-ACETATE-PWY"	"no information"
"METHGLYUT-PWY"	"Class Unknown"	"Class_2 Unknown"	"METHGLYUT-PWY"	"no information"
"METHYLGALLATE-DEGRADATION-PWY"	"Class Unknown"	"Class_2 Unknown"	"METHYLGALLATE-DEGRADATION-PWY"	"no information"
"NADSYN-PWY"	"Class Unknown"	"Class_2 Unknown"	"NADSYN-PWY"	"no information"
"ORNDEG-PWY"	"Class Unknown"	"Class_2 Unknown"	"ORNDEG-PWY"	"no information"
"P101-PWY"	"Class Unknown"	"Class_2 Unknown"	"P101-PWY"	"no information"
"P125-PWY"	"Class Unknown"	"Class_2 Unknown"	"P125-PWY"	"no information"
"P163-PWY"	"Class Unknown"	"Class_2 Unknown"	"P163-PWY"	"no information"
"P184-PWY"	"Class Unknown"	"Class_2 Unknown"	"P184-PWY"	"no information"
"P221-PWY"	"Class Unknown"	"Class_2 Unknown"	"P221-PWY"	"no information"
"P241-PWY"	"Class Unknown"	"Class_2 Unknown"	"P241-PWY"	"no information"
"P261-PWY"	"Class Unknown"	"Class_2 Unknown"	"P261-PWY"	"no information"
"P281-PWY"	"Class Unknown"	"Class_2 Unknown"	"P281-PWY"	"no information"
"P341-PWY"	"Class Unknown"	"Class_2 Unknown"	"P341-PWY"	"no information"
"P381-PWY"	"Class Unknown"	"Class_2 Unknown"	"P381-PWY"	"no information"
"P621-PWY"	"Class Unknown"	"Class_2 Unknown"	"P621-PWY"	"no information"
"POLYAMINSYN3-PWY"	"Class Unknown"	"Class_2 Unknown"	"POLYAMINSYN3-PWY"	"no information"
"PROTOCATECHUATE-ORTHO-CLEAVAGE-PWY"	"Class Unknown"	"Class_2 Unknown"	"PROTOCATECHUATE-ORTHO-CLEAVAGE-PWY"	"no information"
"PWY-1361"	"Class Unknown"	"Class_2 Unknown"	"PWY-1361"	"no information"
"PWY-1422"	"Class Unknown"	"Class_2 Unknown"	"PWY-1422"	"no information"
"PWY-1501"	"Class Unknown"	"Class_2 Unknown"	"PWY-1501"	"no information"
"PWY-1541"	"Class Unknown"	"Class_2 Unknown"	"PWY-1541"	"no information"
"PWY-1622"	"Class Unknown"	"Class_2 Unknown"	"PWY-1622"	"no information"
"PWY-181"	"Class Unknown"	"Class_2 Unknown"	"PWY-181"	"no information"
"PWY-1882"	"Class Unknown"	"Class_2 Unknown"	"PWY-1882"	"no information"
"PWY-2221"	"Class Unknown"	"Class_2 Unknown"	"PWY-2221"	"no information"
"PWY-3661"	"Class Unknown"	"Class_2 Unknown"	"PWY-3661"	"no information"
"PWY-3781"	"Class Unknown"	"Class_2 Unknown"	"PWY-3781"	"no information"
"PWY-3801"	"Class Unknown"	"Class_2 Unknown"	"PWY-3801"	"no information"
"PWY-3941"	"Class Unknown"	"Class_2 Unknown"	"PWY-3941"	"no information"
"PWY-4361"	"Class Unknown"	"Class_2 Unknown"	"PWY-4361"	"no information"
"PWY-4722"	"Class Unknown"	"Class_2 Unknown"	"PWY-4722"	"no information"
"PWY-5028"	"Class Unknown"	"Class_2 Unknown"	"PWY-5028"	"no information"
"PWY-5088"	"Class Unknown"	"Class_2 Unknown"	"PWY-5088"	"no information"
"PWY-5178"	"Class Unknown"	"Class_2 Unknown"	"PWY-5178"	"no information"
"PWY-5180"	"Class Unknown"	"Class_2 Unknown"	"PWY-5180"	"no information"
"PWY-5181"	"Class Unknown"	"Class_2 Unknown"	"PWY-5181"	"no information"
"PWY-5182"	"Class Unknown"	"Class_2 Unknown"	"PWY-5182"	"no information"
"PWY-5183"	"Class Unknown"	"Class_2 Unknown"	"PWY-5183"	"no information"
"PWY-5198"	"Class Unknown"	"Class_2 Unknown"	"PWY-5198"	"no information"
"PWY-5265"	"Class Unknown"	"Class_2 Unknown"	"PWY-5265"	"no information"
"PWY-5266"	"Class Unknown"	"Class_2 Unknown"	"PWY-5266"	"no information"
"PWY-5273"	"Class Unknown"	"Class_2 Unknown"	"PWY-5273"	"no information"
"PWY-5392"	"Class Unknown"	"Class_2 Unknown"	"PWY-5392"	"no information"
"PWY-5415"	"Class Unknown"	"Class_2 Unknown"	"PWY-5415"	"no information"
"PWY-5417"	"Class Unknown"	"Class_2 Unknown"	"PWY-5417"	"no information"
"PWY-5419"	"Class Unknown"	"Class_2 Unknown"	"PWY-5419"	"no information"
"PWY-5420"	"Class Unknown"	"Class_2 Unknown"	"PWY-5420"	"no information"
"PWY-5430"	"Class Unknown"	"Class_2 Unknown"	"PWY-5430"	"no information"
"PWY-5431"	"Class Unknown"	"Class_2 Unknown"	"PWY-5431"	"no information"
"PWY-5507"	"Class Unknown"	"Class_2 Unknown"	"PWY-5507"	"no information"
"PWY-5509"	"Class Unknown"	"Class_2 Unknown"	"PWY-5509"	"no information"
"PWY-5529"	"Class Unknown"	"Class_2 Unknown"	"PWY-5529"	"no information"
"PWY-5531"	"Class Unknown"	"Class_2 Unknown"	"PWY-5531"	"no information"
"PWY-5647"	"Class Unknown"	"Class_2 Unknown"	"PWY-5647"	"no information"
"PWY-5651"	"Class Unknown"	"Class_2 Unknown"	"PWY-5651"	"no information"
"PWY-5654"	"Class Unknown"	"Class_2 Unknown"	"PWY-5654"	"no information"
"PWY-5655"	"Class Unknown"	"Class_2 Unknown"	"PWY-5655"	"no information"
"PWY-5677"	"Class Unknown"	"Class_2 Unknown"	"PWY-5677"	"no information"
"PWY-5737"	"Class Unknown"	"Class_2 Unknown"	"PWY-5737"	"no information"
"PWY-5741"	"Class Unknown"	"Class_2 Unknown"	"PWY-5741"	"no information"
"PWY-5743"	"Class Unknown"	"Class_2 Unknown"	"PWY-5743"	"no information"
"PWY-5744"	"Class Unknown"	"Class_2 Unknown"	"PWY-5744"	"no information"
"PWY-5747"	"Class Unknown"	"Class_2 Unknown"	"PWY-5747"	"no information"
"PWY-5910"	"Class Unknown"	"Class_2 Unknown"	"PWY-5910"	"no information"
"PWY-5920"	"Class Unknown"	"Class_2 Unknown"	"PWY-5920"	"no information"
"PWY-6071"	"Class Unknown"	"Class_2 Unknown"	"PWY-6071"	"no information"
"PWY-6107"	"Class Unknown"	"Class_2 Unknown"	"PWY-6107"	"no information"
"PWY-6145"	"Class Unknown"	"Class_2 Unknown"	"PWY-6145"	"no information"
"PWY-6174"	"Class Unknown"	"Class_2 Unknown"	"PWY-6174"	"no information"
"PWY-6182"	"Class Unknown"	"Class_2 Unknown"	"PWY-6182"	"no information"
"PWY-6185"	"Class Unknown"	"Class_2 Unknown"	"PWY-6185"	"no information"
"PWY-6210"	"Class Unknown"	"Class_2 Unknown"	"PWY-6210"	"no information"
"PWY-622"	"Class Unknown"	"Class_2 Unknown"	"PWY-622"	"no information"
"PWY-6263"	"Class Unknown"	"Class_2 Unknown"	"PWY-6263"	"no information"
"PWY-6269"	"Class Unknown"	"Class_2 Unknown"	"PWY-6269"	"no information"
"PWY-6338"	"Class Unknown"	"Class_2 Unknown"	"PWY-6338"	"no information"
"PWY-6339"	"Class Unknown"	"Class_2 Unknown"	"PWY-6339"	"no information"
"PWY-6383"	"Class Unknown"	"Class_2 Unknown"	"PWY-6383"	"no information"
"PWY-6396"	"Class Unknown"	"Class_2 Unknown"	"PWY-6396"	"no information"
"PWY-6397"	"Class Unknown"	"Class_2 Unknown"	"PWY-6397"	"no information"
"PWY-6404"	"Class Unknown"	"Class_2 Unknown"	"PWY-6404"	"no information"
"PWY-6467"	"Class Unknown"	"Class_2 Unknown"	"PWY-6467"	"no information"
"PWY-6470"	"Class Unknown"	"Class_2 Unknown"	"PWY-6470"	"no information"
"PWY-6478"	"Class Unknown"	"Class_2 Unknown"	"PWY-6478"	"no information"
"PWY-6505"	"Class Unknown"	"Class_2 Unknown"	"PWY-6505"	"no information"
"PWY-6562"	"Class Unknown"	"Class_2 Unknown"	"PWY-6562"	"no information"
"PWY-6572"	"Class Unknown"	"Class_2 Unknown"	"PWY-6572"	"no information"
"PWY-6641"	"Class Unknown"	"Class_2 Unknown"	"PWY-6641"	"no information"
"PWY-6660"	"Class Unknown"	"Class_2 Unknown"	"PWY-6660"	"no information"
"PWY-6713"	"Class Unknown"	"Class_2 Unknown"	"PWY-6713"	"no information"
"PWY-6728"	"Class Unknown"	"Class_2 Unknown"	"PWY-6728"	"no information"
"PWY-6731"	"Class Unknown"	"Class_2 Unknown"	"PWY-6731"	"no information"
"PWY-6749"	"Class Unknown"	"Class_2 Unknown"	"PWY-6749"	"no information"
"PWY-6876"	"Class Unknown"	"Class_2 Unknown"	"PWY-6876"	"no information"
"PWY-6906"	"Class Unknown"	"Class_2 Unknown"	"PWY-6906"	"no information"
"PWY-6944"	"Class Unknown"	"Class_2 Unknown"	"PWY-6944"	"no information"
"PWY-6948"	"Class Unknown"	"Class_2 Unknown"	"PWY-6948"	"no information"
"PWY-6957"	"Class Unknown"	"Class_2 Unknown"	"PWY-6957"	"no information"
"PWY-6992"	"Class Unknown"	"Class_2 Unknown"	"PWY-6992"	"no information"
"PWY-7002"	"Class Unknown"	"Class_2 Unknown"	"PWY-7002"	"no information"
"PWY-7007"	"Class Unknown"	"Class_2 Unknown"	"PWY-7007"	"no information"
"PWY-7024"	"Class Unknown"	"Class_2 Unknown"	"PWY-7024"	"no information"
"PWY-7046"	"Class Unknown"	"Class_2 Unknown"	"PWY-7046"	"no information"
"PWY-7090"	"Class Unknown"	"Class_2 Unknown"	"PWY-7090"	"no information"
"PWY-7094"	"Class Unknown"	"Class_2 Unknown"	"PWY-7094"	"no information"
"PWY-7097"	"Class Unknown"	"Class_2 Unknown"	"PWY-7097"	"no information"
"PWY-7098"	"Class Unknown"	"Class_2 Unknown"	"PWY-7098"	"no information"
"PWY-7159"	"Class Unknown"	"Class_2 Unknown"	"PWY-7159"	"no information"
"PWY-7185"	"Class Unknown"	"Class_2 Unknown"	"PWY-7185"	"no information"
"PWY-7200"	"Class Unknown"	"Class_2 Unknown"	"PWY-7200"	"no information"
"PWY-722"	"Class Unknown"	"Class_2 Unknown"	"PWY-722"	"no information"
"PWY-7255"	"Class Unknown"	"Class_2 Unknown"	"PWY-7255"	"no information"
"PWY-7295"	"Class Unknown"	"Class_2 Unknown"	"PWY-7295"	"no information"
"PWY-7332"	"Class Unknown"	"Class_2 Unknown"	"PWY-7332"	"no information"
"PWY-7347"	"Class Unknown"	"Class_2 Unknown"	"PWY-7347"	"no information"
"PWY-7371"	"Class Unknown"	"Class_2 Unknown"	"PWY-7371"	"no information"
"PWY-7373"	"Class Unknown"	"Class_2 Unknown"	"PWY-7373"	"no information"
"PWY-7374"	"Class Unknown"	"Class_2 Unknown"	"PWY-7374"	"no information"
"PWY-7376"	"Class Unknown"	"Class_2 Unknown"	"PWY-7376"	"no information"
"PWY-7377"	"Class Unknown"	"Class_2 Unknown"	"PWY-7377"	"no information"
"PWY-7385"	"Class Unknown"	"Class_2 Unknown"	"PWY-7385"	"no information"
"PWY-7391"	"Class Unknown"	"Class_2 Unknown"	"PWY-7391"	"no information"
"PWY-7431"	"Class Unknown"	"Class_2 Unknown"	"PWY-7431"	"no information"
"PWY-7527"	"Class Unknown"	"Class_2 Unknown"	"PWY-7527"	"no information"
"PWY-7616"	"Class Unknown"	"Class_2 Unknown"	"PWY-7616"	"no information"
"PWY-7644"	"Class Unknown"	"Class_2 Unknown"	"PWY-7644"	"no information"
"PWY0-1338"	"Class Unknown"	"Class_2 Unknown"	"PWY0-1338"	"no information"
"PWY0-1479"	"Class Unknown"	"Class_2 Unknown"	"PWY0-1479"	"no information"
"PWY0-321"	"Class Unknown"	"Class_2 Unknown"	"PWY0-321"	"no information"
"PWY0-41"	"Class Unknown"	"Class_2 Unknown"	"PWY0-41"	"no information"
"PWY0-42"	"Class Unknown"	"Class_2 Unknown"	"PWY0-42"	"no information"
"PWY1G-0"	"Class Unknown"	"Class_2 Unknown"	"PWY1G-0"	"no information"
"PWY490-3"	"Class Unknown"	"Class_2 Unknown"	"PWY490-3"	"no information"
"SUCSYN-PWY"	"Class Unknown"	"Class_2 Unknown"	"SUCSYN-PWY"	"no information"
"TEICHOICACID-PWY"	"Class Unknown"	"Class_2 Unknown"	"TEICHOICACID-PWY"	"no information"
"THREOCAT-PWY"	"Class Unknown"	"Class_2 Unknown"	"THREOCAT-PWY"	"no information"
"TYRFUMCAT-PWY"	"Class Unknown"	"Class_2 Unknown"	"TYRFUMCAT-PWY"	"no information"
"VALDEG-PWY"	"Class Unknown"	"Class_2 Unknown"	"VALDEG-PWY"	"no information"
